"ordering","ngen","delta","kval","dataset"
1,1,109279987.2,20,"Pangenome"
1,2,111802393.6,20,"Pangenome"
1,3,113084838.4,20,"Pangenome"
1,4,113997849.6,20,"Pangenome"
1,5,114742336,20,"Pangenome"
1,6,115338419.2,20,"Pangenome"
1,7,115841971.2,20,"Pangenome"
1,8,116280550.4,20,"Pangenome"
1,9,116675328,20,"Pangenome"
1,10,117055462.4,20,"Pangenome"
1,11,117326604.8,20,"Pangenome"
1,12,117619276.8,20,"Pangenome"
1,13,117903027.2,20,"Pangenome"
1,14,118112371.2,20,"Pangenome"
1,15,118309107.2,20,"Pangenome"
1,16,118569484.8,20,"Pangenome"
1,17,118811737.6,20,"Pangenome"
1,18,119047897.6,20,"Pangenome"
1,19,119203264,20,"Pangenome"
1,20,119417932.8,20,"Pangenome"
1,21,119561433.6,20,"Pangenome"
1,22,119787788.8,20,"Pangenome"
1,23,119980364.8,20,"Pangenome"
1,24,120092454.4,20,"Pangenome"
1,25,120179302.4,20,"Pangenome"
1,26,120300211.2,20,"Pangenome"
1,27,120396364.8,20,"Pangenome"
1,28,120496268.8,20,"Pangenome"
1,29,120666022.4,20,"Pangenome"
1,30,120757580.8,20,"Pangenome"
1,31,120849011.2,20,"Pangenome"
1,32,120924313.6,20,"Pangenome"
1,33,121104819.2,20,"Pangenome"
1,34,121271257.6,20,"Pangenome"
1,35,121357081.6,20,"Pangenome"
1,36,121414976,20,"Pangenome"
1,37,121497651.2,20,"Pangenome"
1,38,121672192,20,"Pangenome"
1,39,121812851.2,20,"Pangenome"
1,40,121972672,20,"Pangenome"
1,41,122112486.4,20,"Pangenome"
1,42,122185587.2,20,"Pangenome"
1,43,122315724.8,20,"Pangenome"
1,44,122453632,20,"Pangenome"
1,45,122573017.6,20,"Pangenome"
1,46,122689152,20,"Pangenome"
1,47,122759628.8,20,"Pangenome"
1,48,122880729.6,20,"Pangenome"
1,49,122956915.2,20,"Pangenome"
1,50,123076364.8,20,"Pangenome"
1,51,123200243.2,20,"Pangenome"
1,52,123266483.2,20,"Pangenome"
1,53,123389440,20,"Pangenome"
1,54,123518579.2,20,"Pangenome"
1,55,123576422.4,20,"Pangenome"
1,56,123683660.8,20,"Pangenome"
2,1,109285721.6,20,"Pangenome"
2,2,111295116.8,20,"Pangenome"
2,3,112339302.4,20,"Pangenome"
2,4,113536486.4,20,"Pangenome"
2,5,114030873.6,20,"Pangenome"
2,6,114360051.2,20,"Pangenome"
2,7,115103257.6,20,"Pangenome"
2,8,115647436.8,20,"Pangenome"
2,9,116141171.2,20,"Pangenome"
2,10,116584960,20,"Pangenome"
2,11,116960921.6,20,"Pangenome"
2,12,117309568,20,"Pangenome"
2,13,117489625.6,20,"Pangenome"
2,14,117664678.4,20,"Pangenome"
2,15,118013708.8,20,"Pangenome"
2,16,118155788.8,20,"Pangenome"
2,17,118300710.4,20,"Pangenome"
2,18,118587520,20,"Pangenome"
2,19,118867443.2,20,"Pangenome"
2,20,118954867.2,20,"Pangenome"
2,21,119094976,20,"Pangenome"
2,22,119335756.8,20,"Pangenome"
2,23,119450611.2,20,"Pangenome"
2,24,119549785.6,20,"Pangenome"
2,25,119749696,20,"Pangenome"
2,26,119975820.8,20,"Pangenome"
2,27,120187302.4,20,"Pangenome"
2,28,120284467.2,20,"Pangenome"
2,29,120461683.2,20,"Pangenome"
2,30,120558361.6,20,"Pangenome"
2,31,120758272,20,"Pangenome"
2,32,120933708.8,20,"Pangenome"
2,33,121101120,20,"Pangenome"
2,34,121182016,20,"Pangenome"
2,35,121263718.4,20,"Pangenome"
2,36,121424128,20,"Pangenome"
2,37,121494208,20,"Pangenome"
2,38,121649536,20,"Pangenome"
2,39,121803699.2,20,"Pangenome"
2,40,121952140.8,20,"Pangenome"
2,41,122106086.4,20,"Pangenome"
2,42,122171161.6,20,"Pangenome"
2,43,122298086.4,20,"Pangenome"
2,44,122443545.6,20,"Pangenome"
2,45,122564825.6,20,"Pangenome"
2,46,122692812.8,20,"Pangenome"
2,47,122814464,20,"Pangenome"
2,48,122945497.6,20,"Pangenome"
2,49,123064332.8,20,"Pangenome"
2,50,123173222.4,20,"Pangenome"
2,51,123236441.6,20,"Pangenome"
2,52,123273497.6,20,"Pangenome"
2,53,123381120,20,"Pangenome"
2,54,123449676.8,20,"Pangenome"
2,55,123588620.8,20,"Pangenome"
2,56,123683660.8,20,"Pangenome"
3,1,109279078.4,20,"Pangenome"
3,2,111343820.8,20,"Pangenome"
3,3,112855385.6,20,"Pangenome"
3,4,113535193.6,20,"Pangenome"
3,5,114301926.4,20,"Pangenome"
3,6,114990374.4,20,"Pangenome"
3,7,115351475.2,20,"Pangenome"
3,8,115878374.4,20,"Pangenome"
3,9,116343360,20,"Pangenome"
3,10,116563571.2,20,"Pangenome"
3,11,116961881.6,20,"Pangenome"
3,12,117108249.6,20,"Pangenome"
3,13,117461504,20,"Pangenome"
3,14,117627558.4,20,"Pangenome"
3,15,117936550.4,20,"Pangenome"
3,16,118243225.6,20,"Pangenome"
3,17,118349696,20,"Pangenome"
3,18,118490304,20,"Pangenome"
3,19,118726208,20,"Pangenome"
3,20,118872601.6,20,"Pangenome"
3,21,119136384,20,"Pangenome"
3,22,119375974.4,20,"Pangenome"
3,23,119463360,20,"Pangenome"
3,24,119666419.2,20,"Pangenome"
3,25,119874931.2,20,"Pangenome"
3,26,120069964.8,20,"Pangenome"
3,27,120169574.4,20,"Pangenome"
3,28,120275942.4,20,"Pangenome"
3,29,120474905.6,20,"Pangenome"
3,30,120684275.2,20,"Pangenome"
3,31,120770944,20,"Pangenome"
3,32,120925696,20,"Pangenome"
3,33,121095270.4,20,"Pangenome"
3,34,121274188.8,20,"Pangenome"
3,35,121366553.6,20,"Pangenome"
3,36,121442688,20,"Pangenome"
3,37,121521536,20,"Pangenome"
3,38,121689433.6,20,"Pangenome"
3,39,121838873.6,20,"Pangenome"
3,40,121984896,20,"Pangenome"
3,41,122066585.6,20,"Pangenome"
3,42,122138624,20,"Pangenome"
3,43,122282291.2,20,"Pangenome"
3,44,122369049.6,20,"Pangenome"
3,45,122497241.6,20,"Pangenome"
3,46,122624934.4,20,"Pangenome"
3,47,122749721.6,20,"Pangenome"
3,48,122881152,20,"Pangenome"
3,49,122996300.8,20,"Pangenome"
3,50,123125004.8,20,"Pangenome"
3,51,123239475.2,20,"Pangenome"
3,52,123298137.6,20,"Pangenome"
3,53,123397068.8,20,"Pangenome"
3,54,123462617.6,20,"Pangenome"
3,55,123571596.8,20,"Pangenome"
3,56,123683660.8,20,"Pangenome"
4,1,109344051.2,20,"Pangenome"
4,2,111848486.4,20,"Pangenome"
4,3,113070425.6,20,"Pangenome"
4,4,114008204.8,20,"Pangenome"
4,5,114550182.4,20,"Pangenome"
4,6,115196480,20,"Pangenome"
4,7,115501632,20,"Pangenome"
4,8,115965606.4,20,"Pangenome"
4,9,116238566.4,20,"Pangenome"
4,10,116655014.4,20,"Pangenome"
4,11,116863001.6,20,"Pangenome"
4,12,117216588.8,20,"Pangenome"
4,13,117554713.6,20,"Pangenome"
4,14,117860672,20,"Pangenome"
4,15,118179008,20,"Pangenome"
4,16,118454028.8,20,"Pangenome"
4,17,118623488,20,"Pangenome"
4,18,118870643.2,20,"Pangenome"
4,19,119011392,20,"Pangenome"
4,20,119253209.6,20,"Pangenome"
4,21,119469043.2,20,"Pangenome"
4,22,119696230.4,20,"Pangenome"
4,23,119896972.8,20,"Pangenome"
4,24,120103232,20,"Pangenome"
4,25,120219289.6,20,"Pangenome"
4,26,120334707.2,20,"Pangenome"
4,27,120443596.8,20,"Pangenome"
4,28,120616499.2,20,"Pangenome"
4,29,120772633.6,20,"Pangenome"
4,30,120872320,20,"Pangenome"
4,31,121057932.8,20,"Pangenome"
4,32,121171942.4,20,"Pangenome"
4,33,121310041.6,20,"Pangenome"
4,34,121400742.4,20,"Pangenome"
4,35,121475571.2,20,"Pangenome"
4,36,121551923.2,20,"Pangenome"
4,37,121704601.6,20,"Pangenome"
4,38,121848524.8,20,"Pangenome"
4,39,121987443.2,20,"Pangenome"
4,40,122134323.2,20,"Pangenome"
4,41,122282534.4,20,"Pangenome"
4,42,122371648,20,"Pangenome"
4,43,122447065.6,20,"Pangenome"
4,44,122573056,20,"Pangenome"
4,45,122628838.4,20,"Pangenome"
4,46,122754624,20,"Pangenome"
4,47,122887667.2,20,"Pangenome"
4,48,123004300.8,20,"Pangenome"
4,49,123080409.6,20,"Pangenome"
4,50,123148249.6,20,"Pangenome"
4,51,123263820.8,20,"Pangenome"
4,52,123367129.6,20,"Pangenome"
4,53,123436480,20,"Pangenome"
4,54,123546112,20,"Pangenome"
4,55,123581542.4,20,"Pangenome"
4,56,123683660.8,20,"Pangenome"
5,1,109355302.4,20,"Pangenome"
5,2,111823219.2,20,"Pangenome"
5,3,113055027.2,20,"Pangenome"
5,4,113951667.2,20,"Pangenome"
5,5,114668032,20,"Pangenome"
5,6,115291699.2,20,"Pangenome"
5,7,115766732.8,20,"Pangenome"
5,8,116204057.6,20,"Pangenome"
5,9,116636723.2,20,"Pangenome"
5,10,117001574.4,20,"Pangenome"
5,11,117342848,20,"Pangenome"
5,12,117612646.4,20,"Pangenome"
5,13,117896320,20,"Pangenome"
5,14,118157196.8,20,"Pangenome"
5,15,118345177.6,20,"Pangenome"
5,16,118528448,20,"Pangenome"
5,17,118759436.8,20,"Pangenome"
5,18,118907430.4,20,"Pangenome"
5,19,119048409.6,20,"Pangenome"
5,20,119188454.4,20,"Pangenome"
5,21,119289920,20,"Pangenome"
5,22,119513484.8,20,"Pangenome"
5,23,119750848,20,"Pangenome"
5,24,119966259.2,20,"Pangenome"
5,25,120165606.4,20,"Pangenome"
5,26,120343628.8,20,"Pangenome"
5,27,120439884.8,20,"Pangenome"
5,28,120519155.2,20,"Pangenome"
5,29,120606323.2,20,"Pangenome"
5,30,120680742.4,20,"Pangenome"
5,31,120872588.8,20,"Pangenome"
5,32,121033139.2,20,"Pangenome"
5,33,121180224,20,"Pangenome"
5,34,121353075.2,20,"Pangenome"
5,35,121500838.4,20,"Pangenome"
5,36,121642124.8,20,"Pangenome"
5,37,121750886.4,20,"Pangenome"
5,38,121888755.2,20,"Pangenome"
5,39,121976140.8,20,"Pangenome"
5,40,122051033.6,20,"Pangenome"
5,41,122184422.4,20,"Pangenome"
5,42,122270566.4,20,"Pangenome"
5,43,122346073.6,20,"Pangenome"
5,44,122412275.2,20,"Pangenome"
5,45,122493734.4,20,"Pangenome"
5,46,122635212.8,20,"Pangenome"
5,47,122702784,20,"Pangenome"
5,48,122779276.8,20,"Pangenome"
5,49,122901747.2,20,"Pangenome"
5,50,123039859.2,20,"Pangenome"
5,51,123168640,20,"Pangenome"
5,52,123286233.6,20,"Pangenome"
5,53,123400934.4,20,"Pangenome"
5,54,123465958.4,20,"Pangenome"
5,55,123580915.2,20,"Pangenome"
5,56,123683660.8,20,"Pangenome"
6,1,109268416,20,"Pangenome"
6,2,111757030.4,20,"Pangenome"
6,3,113036006.4,20,"Pangenome"
6,4,113968396.8,20,"Pangenome"
6,5,114657254.4,20,"Pangenome"
6,6,115291328,20,"Pangenome"
6,7,115792217.6,20,"Pangenome"
6,8,116198963.2,20,"Pangenome"
6,9,116639040,20,"Pangenome"
6,10,117025152,20,"Pangenome"
6,11,117273651.2,20,"Pangenome"
6,12,117590579.2,20,"Pangenome"
6,13,117890598.4,20,"Pangenome"
6,14,118165606.4,20,"Pangenome"
6,15,118328371.2,20,"Pangenome"
6,16,118562496,20,"Pangenome"
6,17,118796582.4,20,"Pangenome"
6,18,119035417.6,20,"Pangenome"
6,19,119275008,20,"Pangenome"
6,20,119394150.4,20,"Pangenome"
6,21,119600192,20,"Pangenome"
6,22,119741081.6,20,"Pangenome"
6,23,119932326.4,20,"Pangenome"
6,24,120057817.6,20,"Pangenome"
6,25,120235302.4,20,"Pangenome"
6,26,120410227.2,20,"Pangenome"
6,27,120526387.2,20,"Pangenome"
6,28,120609177.6,20,"Pangenome"
6,29,120722060.8,20,"Pangenome"
6,30,120881036.8,20,"Pangenome"
6,31,121035827.2,20,"Pangenome"
6,32,121181171.2,20,"Pangenome"
6,33,121346035.2,20,"Pangenome"
6,34,121507699.2,20,"Pangenome"
6,35,121670988.8,20,"Pangenome"
6,36,121821683.2,20,"Pangenome"
6,37,121906675.2,20,"Pangenome"
6,38,122001177.6,20,"Pangenome"
6,39,122091980.8,20,"Pangenome"
6,40,122175603.2,20,"Pangenome"
6,41,122301120,20,"Pangenome"
6,42,122391641.6,20,"Pangenome"
6,43,122460915.2,20,"Pangenome"
6,44,122583910.4,20,"Pangenome"
6,45,122654195.2,20,"Pangenome"
6,46,122741222.4,20,"Pangenome"
6,47,122812761.6,20,"Pangenome"
6,48,122921740.8,20,"Pangenome"
6,49,123047961.6,20,"Pangenome"
6,50,123162316.8,20,"Pangenome"
6,51,123223872,20,"Pangenome"
6,52,123336614.4,20,"Pangenome"
6,53,123397529.6,20,"Pangenome"
6,54,123470297.6,20,"Pangenome"
6,55,123571596.8,20,"Pangenome"
6,56,123683660.8,20,"Pangenome"
7,1,109306982.4,20,"Pangenome"
7,2,111620595.2,20,"Pangenome"
7,3,112622336,20,"Pangenome"
7,4,113270937.6,20,"Pangenome"
7,5,114230348.8,20,"Pangenome"
7,6,114881638.4,20,"Pangenome"
7,7,115252851.2,20,"Pangenome"
7,8,115525401.6,20,"Pangenome"
7,9,115778035.2,20,"Pangenome"
7,10,115957529.6,20,"Pangenome"
7,11,116471052.8,20,"Pangenome"
7,12,116907046.4,20,"Pangenome"
7,13,117070617.6,20,"Pangenome"
7,14,117197017.6,20,"Pangenome"
7,15,117362419.2,20,"Pangenome"
7,16,117719360,20,"Pangenome"
7,17,118044633.6,20,"Pangenome"
7,18,118187968,20,"Pangenome"
7,19,118296947.2,20,"Pangenome"
7,20,118586700.8,20,"Pangenome"
7,21,118876454.4,20,"Pangenome"
7,22,119152243.2,20,"Pangenome"
7,23,119388492.8,20,"Pangenome"
7,24,119630489.6,20,"Pangenome"
7,25,119848768,20,"Pangenome"
7,26,119950182.4,20,"Pangenome"
7,27,120145881.6,20,"Pangenome"
7,28,120342374.4,20,"Pangenome"
7,29,120400025.6,20,"Pangenome"
7,30,120598182.4,20,"Pangenome"
7,31,120783091.2,20,"Pangenome"
7,32,120956172.8,20,"Pangenome"
7,33,121119488,20,"Pangenome"
7,34,121264934.4,20,"Pangenome"
7,35,121430016,20,"Pangenome"
7,36,121519590.4,20,"Pangenome"
7,37,121669043.2,20,"Pangenome"
7,38,121804761.6,20,"Pangenome"
7,39,121965836.8,20,"Pangenome"
7,40,122109772.8,20,"Pangenome"
7,41,122238796.8,20,"Pangenome"
7,42,122356697.6,20,"Pangenome"
7,43,122430272,20,"Pangenome"
7,44,122552115.2,20,"Pangenome"
7,45,122677964.8,20,"Pangenome"
7,46,122750054.4,20,"Pangenome"
7,47,122819929.6,20,"Pangenome"
7,48,122967744,20,"Pangenome"
7,49,123088678.4,20,"Pangenome"
7,50,123212428.8,20,"Pangenome"
7,51,123269145.6,20,"Pangenome"
7,52,123326553.6,20,"Pangenome"
7,53,123397619.2,20,"Pangenome"
7,54,123507353.6,20,"Pangenome"
7,55,123617497.6,20,"Pangenome"
7,56,123683660.8,20,"Pangenome"
8,1,109282828.8,20,"Pangenome"
8,2,111320396.8,20,"Pangenome"
8,3,112853580.8,20,"Pangenome"
8,4,113506124.8,20,"Pangenome"
8,5,114298854.4,20,"Pangenome"
8,6,114690982.4,20,"Pangenome"
8,7,115349056,20,"Pangenome"
8,8,115900096,20,"Pangenome"
8,9,116367449.6,20,"Pangenome"
8,10,116601113.6,20,"Pangenome"
8,11,116808064,20,"Pangenome"
8,12,117176729.6,20,"Pangenome"
8,13,117541619.2,20,"Pangenome"
8,14,117853132.8,20,"Pangenome"
8,15,118145881.6,20,"Pangenome"
8,16,118399206.4,20,"Pangenome"
8,17,118655641.6,20,"Pangenome"
8,18,118797286.4,20,"Pangenome"
8,19,119077862.4,20,"Pangenome"
8,20,119294144,20,"Pangenome"
8,21,119421504,20,"Pangenome"
8,22,119518195.2,20,"Pangenome"
8,23,119721190.4,20,"Pangenome"
8,24,119826764.8,20,"Pangenome"
8,25,120027980.8,20,"Pangenome"
8,26,120222809.6,20,"Pangenome"
8,27,120429619.2,20,"Pangenome"
8,28,120582374.4,20,"Pangenome"
8,29,120683532.8,20,"Pangenome"
8,30,120860672,20,"Pangenome"
8,31,120953011.2,20,"Pangenome"
8,32,121124582.4,20,"Pangenome"
8,33,121296601.6,20,"Pangenome"
8,34,121442534.4,20,"Pangenome"
8,35,121553164.8,20,"Pangenome"
8,36,121645363.2,20,"Pangenome"
8,37,121698649.6,20,"Pangenome"
8,38,121851929.6,20,"Pangenome"
8,39,121989273.6,20,"Pangenome"
8,40,122123814.4,20,"Pangenome"
8,41,122251724.8,20,"Pangenome"
8,42,122344524.8,20,"Pangenome"
8,43,122411456,20,"Pangenome"
8,44,122540364.8,20,"Pangenome"
8,45,122674099.2,20,"Pangenome"
8,46,122748812.8,20,"Pangenome"
8,47,122826816,20,"Pangenome"
8,48,122886080,20,"Pangenome"
8,49,122999424,20,"Pangenome"
8,50,123122137.6,20,"Pangenome"
8,51,123233433.6,20,"Pangenome"
8,52,123344921.6,20,"Pangenome"
8,53,123403635.2,20,"Pangenome"
8,54,123522854.4,20,"Pangenome"
8,55,123630464,20,"Pangenome"
8,56,123683660.8,20,"Pangenome"
9,1,109271206.4,20,"Pangenome"
9,2,111838668.8,20,"Pangenome"
9,3,112923289.6,20,"Pangenome"
9,4,113592294.4,20,"Pangenome"
9,5,114417587.2,20,"Pangenome"
9,6,115069209.6,20,"Pangenome"
9,7,115409766.4,20,"Pangenome"
9,8,115935206.4,20,"Pangenome"
9,9,116218240,20,"Pangenome"
9,10,116680806.4,20,"Pangenome"
9,11,116885824,20,"Pangenome"
9,12,117230272,20,"Pangenome"
9,13,117544537.6,20,"Pangenome"
9,14,117705932.8,20,"Pangenome"
9,15,117848550.4,20,"Pangenome"
9,16,117984294.4,20,"Pangenome"
9,17,118299993.6,20,"Pangenome"
9,18,118432396.8,20,"Pangenome"
9,19,118714662.4,20,"Pangenome"
9,20,118841689.6,20,"Pangenome"
9,21,119126028.8,20,"Pangenome"
9,22,119390092.8,20,"Pangenome"
9,23,119611264,20,"Pangenome"
9,24,119825164.8,20,"Pangenome"
9,25,119938931.2,20,"Pangenome"
9,26,120176908.8,20,"Pangenome"
9,27,120371712,20,"Pangenome"
9,28,120437568,20,"Pangenome"
9,29,120627174.4,20,"Pangenome"
9,30,120814246.4,20,"Pangenome"
9,31,121003456,20,"Pangenome"
9,32,121172876.8,20,"Pangenome"
9,33,121305587.2,20,"Pangenome"
9,34,121458892.8,20,"Pangenome"
9,35,121554931.2,20,"Pangenome"
9,36,121703436.8,20,"Pangenome"
9,37,121849996.8,20,"Pangenome"
9,38,121908672,20,"Pangenome"
9,39,122034240,20,"Pangenome"
9,40,122169510.4,20,"Pangenome"
9,41,122295488,20,"Pangenome"
9,42,122422924.8,20,"Pangenome"
9,43,122506240,20,"Pangenome"
9,44,122625510.4,20,"Pangenome"
9,45,122739891.2,20,"Pangenome"
9,46,122860198.4,20,"Pangenome"
9,47,122934451.2,20,"Pangenome"
9,48,122997862.4,20,"Pangenome"
9,49,123101312,20,"Pangenome"
9,50,123162790.4,20,"Pangenome"
9,51,123272768,20,"Pangenome"
9,52,123383091.2,20,"Pangenome"
9,53,123452185.6,20,"Pangenome"
9,54,123516083.2,20,"Pangenome"
9,55,123566720,20,"Pangenome"
9,56,123683660.8,20,"Pangenome"
10,1,109282828.8,20,"Pangenome"
10,2,111630988.8,20,"Pangenome"
10,3,112654028.8,20,"Pangenome"
10,4,113292582.4,20,"Pangenome"
10,5,113755737.6,20,"Pangenome"
10,6,114578150.4,20,"Pangenome"
10,7,114901350.4,20,"Pangenome"
10,8,115503180.8,20,"Pangenome"
10,9,115991731.2,20,"Pangenome"
10,10,116486297.6,20,"Pangenome"
10,11,116855948.8,20,"Pangenome"
10,12,117232870.4,20,"Pangenome"
10,13,117427238.4,20,"Pangenome"
10,14,117591526.4,20,"Pangenome"
10,15,117943795.2,20,"Pangenome"
10,16,118214630.4,20,"Pangenome"
10,17,118350118.4,20,"Pangenome"
10,18,118619929.6,20,"Pangenome"
10,19,118724889.6,20,"Pangenome"
10,20,119002368,20,"Pangenome"
10,21,119116838.4,20,"Pangenome"
10,22,119349900.8,20,"Pangenome"
10,23,119578611.2,20,"Pangenome"
10,24,119681945.6,20,"Pangenome"
10,25,119898880,20,"Pangenome"
10,26,120003520,20,"Pangenome"
10,27,120191628.8,20,"Pangenome"
10,28,120256128,20,"Pangenome"
10,29,120471027.2,20,"Pangenome"
10,30,120651033.6,20,"Pangenome"
10,31,120830400,20,"Pangenome"
10,32,120997363.2,20,"Pangenome"
10,33,121172851.2,20,"Pangenome"
10,34,121242585.6,20,"Pangenome"
10,35,121402572.8,20,"Pangenome"
10,36,121571187.2,20,"Pangenome"
10,37,121669171.2,20,"Pangenome"
10,38,121747660.8,20,"Pangenome"
10,39,121824384,20,"Pangenome"
10,40,121964518.4,20,"Pangenome"
10,41,122100659.2,20,"Pangenome"
10,42,122166451.2,20,"Pangenome"
10,43,122246259.2,20,"Pangenome"
10,44,122396915.2,20,"Pangenome"
10,45,122468096,20,"Pangenome"
10,46,122598540.8,20,"Pangenome"
10,47,122723763.2,20,"Pangenome"
10,48,122840281.6,20,"Pangenome"
10,49,122956044.8,20,"Pangenome"
10,50,123031168,20,"Pangenome"
10,51,123097318.4,20,"Pangenome"
10,52,123219891.2,20,"Pangenome"
10,53,123340454.4,20,"Pangenome"
10,54,123461900.8,20,"Pangenome"
10,55,123570803.2,20,"Pangenome"
10,56,123683660.8,20,"Pangenome"
11,1,109268761.6,20,"Pangenome"
11,2,111342822.4,20,"Pangenome"
11,3,112854489.6,20,"Pangenome"
11,4,113877644.8,20,"Pangenome"
11,5,114643276.8,20,"Pangenome"
11,6,115074176,20,"Pangenome"
11,7,115603289.6,20,"Pangenome"
11,8,116064499.2,20,"Pangenome"
11,9,116366976,20,"Pangenome"
11,10,116773504,20,"Pangenome"
11,11,117117312,20,"Pangenome"
11,12,117335859.2,20,"Pangenome"
11,13,117527065.6,20,"Pangenome"
11,14,117825676.8,20,"Pangenome"
11,15,117982028.8,20,"Pangenome"
11,16,118152627.2,20,"Pangenome"
11,17,118412544,20,"Pangenome"
11,18,118517478.4,20,"Pangenome"
11,19,118771776,20,"Pangenome"
11,20,119010585.6,20,"Pangenome"
11,21,119235507.2,20,"Pangenome"
11,22,119367360,20,"Pangenome"
11,23,119609318.4,20,"Pangenome"
11,24,119804505.6,20,"Pangenome"
11,25,119885081.6,20,"Pangenome"
11,26,119980134.4,20,"Pangenome"
11,27,120085568,20,"Pangenome"
11,28,120183065.6,20,"Pangenome"
11,29,120373478.4,20,"Pangenome"
11,30,120564505.6,20,"Pangenome"
11,31,120750323.2,20,"Pangenome"
11,32,120846924.8,20,"Pangenome"
11,33,120939328,20,"Pangenome"
11,34,121112524.8,20,"Pangenome"
11,35,121294156.8,20,"Pangenome"
11,36,121368678.4,20,"Pangenome"
11,37,121518182.4,20,"Pangenome"
11,38,121692108.8,20,"Pangenome"
11,39,121770278.4,20,"Pangenome"
11,40,121912627.2,20,"Pangenome"
11,41,122066969.6,20,"Pangenome"
11,42,122125286.4,20,"Pangenome"
11,43,122192128,20,"Pangenome"
11,44,122336704,20,"Pangenome"
11,45,122392243.2,20,"Pangenome"
11,46,122544473.6,20,"Pangenome"
11,47,122690521.6,20,"Pangenome"
11,48,122796851.2,20,"Pangenome"
11,49,122920716.8,20,"Pangenome"
11,50,123052377.6,20,"Pangenome"
11,51,123175628.8,20,"Pangenome"
11,52,123235276.8,20,"Pangenome"
11,53,123350118.4,20,"Pangenome"
11,54,123471411.2,20,"Pangenome"
11,55,123581542.4,20,"Pangenome"
11,56,123683660.8,20,"Pangenome"
12,1,109314764.8,20,"Pangenome"
12,2,111856192,20,"Pangenome"
12,3,113132889.6,20,"Pangenome"
12,4,114042880,20,"Pangenome"
12,5,114753612.8,20,"Pangenome"
12,6,115318630.4,20,"Pangenome"
12,7,115725427.2,20,"Pangenome"
12,8,116062464,20,"Pangenome"
12,9,116500160,20,"Pangenome"
12,10,116776691.2,20,"Pangenome"
12,11,117171840,20,"Pangenome"
12,12,117517555.2,20,"Pangenome"
12,13,117813376,20,"Pangenome"
12,14,118102592,20,"Pangenome"
12,15,118376563.2,20,"Pangenome"
12,16,118643212.8,20,"Pangenome"
12,17,118806566.4,20,"Pangenome"
12,18,119070195.2,20,"Pangenome"
12,19,119214272,20,"Pangenome"
12,20,119351193.6,20,"Pangenome"
12,21,119558169.6,20,"Pangenome"
12,22,119676556.8,20,"Pangenome"
12,23,119884569.6,20,"Pangenome"
12,24,119992102.4,20,"Pangenome"
12,25,120089075.2,20,"Pangenome"
12,26,120187609.6,20,"Pangenome"
12,27,120294041.6,20,"Pangenome"
12,28,120476710.4,20,"Pangenome"
12,29,120574668.8,20,"Pangenome"
12,30,120774515.2,20,"Pangenome"
12,31,120868147.2,20,"Pangenome"
12,32,121016742.4,20,"Pangenome"
12,33,121103475.2,20,"Pangenome"
12,34,121258944,20,"Pangenome"
12,35,121431782.4,20,"Pangenome"
12,36,121508774.4,20,"Pangenome"
12,37,121577638.4,20,"Pangenome"
12,38,121720307.2,20,"Pangenome"
12,39,121870041.6,20,"Pangenome"
12,40,122007155.2,20,"Pangenome"
12,41,122137177.6,20,"Pangenome"
12,42,122209113.6,20,"Pangenome"
12,43,122289996.8,20,"Pangenome"
12,44,122427635.2,20,"Pangenome"
12,45,122563276.8,20,"Pangenome"
12,46,122687065.6,20,"Pangenome"
12,47,122806694.4,20,"Pangenome"
12,48,122883404.8,20,"Pangenome"
12,49,123013452.8,20,"Pangenome"
12,50,123067289.6,20,"Pangenome"
12,51,123112908.8,20,"Pangenome"
12,52,123232896,20,"Pangenome"
12,53,123341427.2,20,"Pangenome"
12,54,123456000,20,"Pangenome"
12,55,123576345.6,20,"Pangenome"
12,56,123683660.8,20,"Pangenome"
13,1,109299571.2,20,"Pangenome"
13,2,111796364.8,20,"Pangenome"
13,3,113095116.8,20,"Pangenome"
13,4,113810675.2,20,"Pangenome"
13,5,114550617.6,20,"Pangenome"
13,6,114909056,20,"Pangenome"
13,7,115293427.2,20,"Pangenome"
13,8,115578060.8,20,"Pangenome"
13,9,116072358.4,20,"Pangenome"
13,10,116490329.6,20,"Pangenome"
13,11,116866816,20,"Pangenome"
13,12,117217484.8,20,"Pangenome"
13,13,117394406.4,20,"Pangenome"
13,14,117518707.2,20,"Pangenome"
13,15,117861952,20,"Pangenome"
13,16,118029132.8,20,"Pangenome"
13,17,118299264,20,"Pangenome"
13,18,118424806.4,20,"Pangenome"
13,19,118712038.4,20,"Pangenome"
13,20,118984000,20,"Pangenome"
13,21,119206758.4,20,"Pangenome"
13,22,119293491.2,20,"Pangenome"
13,23,119521369.6,20,"Pangenome"
13,24,119620966.4,20,"Pangenome"
13,25,119804019.2,20,"Pangenome"
13,26,119916915.2,20,"Pangenome"
13,27,120004147.2,20,"Pangenome"
13,28,120209088,20,"Pangenome"
13,29,120409100.8,20,"Pangenome"
13,30,120587481.6,20,"Pangenome"
13,31,120758054.4,20,"Pangenome"
13,32,120844518.4,20,"Pangenome"
13,33,121004134.4,20,"Pangenome"
13,34,121175398.4,20,"Pangenome"
13,35,121349644.8,20,"Pangenome"
13,36,121532454.4,20,"Pangenome"
13,37,121699865.6,20,"Pangenome"
13,38,121855436.8,20,"Pangenome"
13,39,121995968,20,"Pangenome"
13,40,122125875.2,20,"Pangenome"
13,41,122271859.2,20,"Pangenome"
13,42,122390707.2,20,"Pangenome"
13,43,122482073.6,20,"Pangenome"
13,44,122551500.8,20,"Pangenome"
13,45,122675609.6,20,"Pangenome"
13,46,122747136,20,"Pangenome"
13,47,122830182.4,20,"Pangenome"
13,48,122948108.8,20,"Pangenome"
13,49,123065484.8,20,"Pangenome"
13,50,123131340.8,20,"Pangenome"
13,51,123198643.2,20,"Pangenome"
13,52,123301798.4,20,"Pangenome"
13,53,123385100.8,20,"Pangenome"
13,54,123458227.2,20,"Pangenome"
13,55,123573734.4,20,"Pangenome"
13,56,123683660.8,20,"Pangenome"
14,1,109314764.8,20,"Pangenome"
14,2,111821248,20,"Pangenome"
14,3,113109875.2,20,"Pangenome"
14,4,113963276.8,20,"Pangenome"
14,5,114690739.2,20,"Pangenome"
14,6,115287078.4,20,"Pangenome"
14,7,115705216,20,"Pangenome"
14,8,116168358.4,20,"Pangenome"
14,9,116483072,20,"Pangenome"
14,10,116885926.4,20,"Pangenome"
14,11,117123916.8,20,"Pangenome"
14,12,117432256,20,"Pangenome"
14,13,117740134.4,20,"Pangenome"
14,14,118041280,20,"Pangenome"
14,15,118312256,20,"Pangenome"
14,16,118510489.6,20,"Pangenome"
14,17,118662400,20,"Pangenome"
14,18,118907750.4,20,"Pangenome"
14,19,119140044.8,20,"Pangenome"
14,20,119386764.8,20,"Pangenome"
14,21,119503462.4,20,"Pangenome"
14,22,119720947.2,20,"Pangenome"
14,23,119849574.4,20,"Pangenome"
14,24,119966720,20,"Pangenome"
14,25,120152844.8,20,"Pangenome"
14,26,120346521.6,20,"Pangenome"
14,27,120418048,20,"Pangenome"
14,28,120610163.2,20,"Pangenome"
14,29,120795136,20,"Pangenome"
14,30,120945881.6,20,"Pangenome"
14,31,121041113.6,20,"Pangenome"
14,32,121126233.6,20,"Pangenome"
14,33,121298944,20,"Pangenome"
14,34,121453388.8,20,"Pangenome"
14,35,121545689.6,20,"Pangenome"
14,36,121634892.8,20,"Pangenome"
14,37,121781004.8,20,"Pangenome"
14,38,121901209.6,20,"Pangenome"
14,39,121977075.2,20,"Pangenome"
14,40,122071667.2,20,"Pangenome"
14,41,122216678.4,20,"Pangenome"
14,42,122354432,20,"Pangenome"
14,43,122475558.4,20,"Pangenome"
14,44,122557094.4,20,"Pangenome"
14,45,122705920,20,"Pangenome"
14,46,122773952,20,"Pangenome"
14,47,122849049.6,20,"Pangenome"
14,48,122965286.4,20,"Pangenome"
14,49,123068044.8,20,"Pangenome"
14,50,123134259.2,20,"Pangenome"
14,51,123199462.4,20,"Pangenome"
14,52,123305177.6,20,"Pangenome"
14,53,123416896,20,"Pangenome"
14,54,123470297.6,20,"Pangenome"
14,55,123571596.8,20,"Pangenome"
14,56,123683660.8,20,"Pangenome"
15,1,109344051.2,20,"Pangenome"
15,2,111821337.6,20,"Pangenome"
15,3,113087820.8,20,"Pangenome"
15,4,114007142.4,20,"Pangenome"
15,5,114693465.6,20,"Pangenome"
15,6,115282944,20,"Pangenome"
15,7,115783859.2,20,"Pangenome"
15,8,116146816,20,"Pangenome"
15,9,116577561.6,20,"Pangenome"
15,10,116856396.8,20,"Pangenome"
15,11,117207385.6,20,"Pangenome"
15,12,117545280,20,"Pangenome"
15,13,117727731.2,20,"Pangenome"
15,14,117916249.6,20,"Pangenome"
15,15,118207692.8,20,"Pangenome"
15,16,118480537.6,20,"Pangenome"
15,17,118633984,20,"Pangenome"
15,18,118885977.6,20,"Pangenome"
15,19,119032140.8,20,"Pangenome"
15,20,119261376,20,"Pangenome"
15,21,119394163.2,20,"Pangenome"
15,22,119525798.4,20,"Pangenome"
15,23,119730483.2,20,"Pangenome"
15,24,119833843.2,20,"Pangenome"
15,25,120060633.6,20,"Pangenome"
15,26,120268992,20,"Pangenome"
15,27,120369459.2,20,"Pangenome"
15,28,120566092.8,20,"Pangenome"
15,29,120742131.2,20,"Pangenome"
15,30,120898252.8,20,"Pangenome"
15,31,120992332.8,20,"Pangenome"
15,32,121084620.8,20,"Pangenome"
15,33,121254297.6,20,"Pangenome"
15,34,121399731.2,20,"Pangenome"
15,35,121496614.4,20,"Pangenome"
15,36,121640742.4,20,"Pangenome"
15,37,121791129.6,20,"Pangenome"
15,38,121926771.2,20,"Pangenome"
15,39,122066176,20,"Pangenome"
15,40,122197657.6,20,"Pangenome"
15,41,122275264,20,"Pangenome"
15,42,122350361.6,20,"Pangenome"
15,43,122478451.2,20,"Pangenome"
15,44,122559488,20,"Pangenome"
15,45,122622003.2,20,"Pangenome"
15,46,122743321.6,20,"Pangenome"
15,47,122795878.4,20,"Pangenome"
15,48,122919475.2,20,"Pangenome"
15,49,123050368,20,"Pangenome"
15,50,123170611.2,20,"Pangenome"
15,51,123282457.6,20,"Pangenome"
15,52,123407129.6,20,"Pangenome"
15,53,123474636.8,20,"Pangenome"
15,54,123510336,20,"Pangenome"
15,55,123573734.4,20,"Pangenome"
15,56,123683660.8,20,"Pangenome"
16,1,109249177.6,20,"Pangenome"
16,2,111596544,20,"Pangenome"
16,3,112649907.2,20,"Pangenome"
16,4,113319283.2,20,"Pangenome"
16,5,114207667.2,20,"Pangenome"
16,6,114565452.8,20,"Pangenome"
16,7,115225932.8,20,"Pangenome"
16,8,115786739.2,20,"Pangenome"
16,9,116061209.6,20,"Pangenome"
16,10,116524096,20,"Pangenome"
16,11,116943475.2,20,"Pangenome"
16,12,117119001.6,20,"Pangenome"
16,13,117474931.2,20,"Pangenome"
16,14,117781196.8,20,"Pangenome"
16,15,118098252.8,20,"Pangenome"
16,16,118257664,20,"Pangenome"
16,17,118407321.6,20,"Pangenome"
16,18,118550643.2,20,"Pangenome"
16,19,118806310.4,20,"Pangenome"
16,20,118930035.2,20,"Pangenome"
16,21,119199065.6,20,"Pangenome"
16,22,119437107.2,20,"Pangenome"
16,23,119671731.2,20,"Pangenome"
16,24,119785100.8,20,"Pangenome"
16,25,119980864,20,"Pangenome"
16,26,120077785.6,20,"Pangenome"
16,27,120166912,20,"Pangenome"
16,28,120247500.8,20,"Pangenome"
16,29,120450508.8,20,"Pangenome"
16,30,120518796.8,20,"Pangenome"
16,31,120711308.8,20,"Pangenome"
16,32,120811008,20,"Pangenome"
16,33,121006643.2,20,"Pangenome"
16,34,121169932.8,20,"Pangenome"
16,35,121243776,20,"Pangenome"
16,36,121323225.6,20,"Pangenome"
16,37,121478604.8,20,"Pangenome"
16,38,121634201.6,20,"Pangenome"
16,39,121774796.8,20,"Pangenome"
16,40,121841996.8,20,"Pangenome"
16,41,121882931.2,20,"Pangenome"
16,42,122029504,20,"Pangenome"
16,43,122183616,20,"Pangenome"
16,44,122310873.6,20,"Pangenome"
16,45,122461401.6,20,"Pangenome"
16,46,122604070.4,20,"Pangenome"
16,47,122670873.6,20,"Pangenome"
16,48,122810470.4,20,"Pangenome"
16,49,122932352,20,"Pangenome"
16,50,123054272,20,"Pangenome"
16,51,123167270.4,20,"Pangenome"
16,52,123237580.8,20,"Pangenome"
16,53,123364979.2,20,"Pangenome"
16,54,123480064,20,"Pangenome"
16,55,123584051.2,20,"Pangenome"
16,56,123683660.8,20,"Pangenome"
17,1,109363289.6,20,"Pangenome"
17,2,111854169.6,20,"Pangenome"
17,3,113125824,20,"Pangenome"
17,4,114022630.4,20,"Pangenome"
17,5,114676864,20,"Pangenome"
17,6,115151142.4,20,"Pangenome"
17,7,115692608,20,"Pangenome"
17,8,116010329.6,20,"Pangenome"
17,9,116429913.6,20,"Pangenome"
17,10,116677465.6,20,"Pangenome"
17,11,116890969.6,20,"Pangenome"
17,12,117090419.2,20,"Pangenome"
17,13,117461593.6,20,"Pangenome"
17,14,117789760,20,"Pangenome"
17,15,118089164.8,20,"Pangenome"
17,16,118401472,20,"Pangenome"
17,17,118666252.8,20,"Pangenome"
17,18,118909926.4,20,"Pangenome"
17,19,119144780.8,20,"Pangenome"
17,20,119288281.6,20,"Pangenome"
17,21,119404684.8,20,"Pangenome"
17,22,119628121.6,20,"Pangenome"
17,23,119843468.8,20,"Pangenome"
17,24,120030937.6,20,"Pangenome"
17,25,120213760,20,"Pangenome"
17,26,120399833.6,20,"Pangenome"
17,27,120565440,20,"Pangenome"
17,28,120678387.2,20,"Pangenome"
17,29,120835852.8,20,"Pangenome"
17,30,121010918.4,20,"Pangenome"
17,31,121159808,20,"Pangenome"
17,32,121311065.6,20,"Pangenome"
17,33,121454681.6,20,"Pangenome"
17,34,121525990.4,20,"Pangenome"
17,35,121616806.4,20,"Pangenome"
17,36,121755750.4,20,"Pangenome"
17,37,121836236.8,20,"Pangenome"
17,38,121985996.8,20,"Pangenome"
17,39,122106112,20,"Pangenome"
17,40,122194713.6,20,"Pangenome"
17,41,122262028.8,20,"Pangenome"
17,42,122390297.6,20,"Pangenome"
17,43,122467072,20,"Pangenome"
17,44,122603225.6,20,"Pangenome"
17,45,122685401.6,20,"Pangenome"
17,46,122736985.6,20,"Pangenome"
17,47,122801100.8,20,"Pangenome"
17,48,122909964.8,20,"Pangenome"
17,49,123031270.4,20,"Pangenome"
17,50,123101798.4,20,"Pangenome"
17,51,123165286.4,20,"Pangenome"
17,52,123283571.2,20,"Pangenome"
17,53,123364761.6,20,"Pangenome"
17,54,123473382.4,20,"Pangenome"
17,55,123601984,20,"Pangenome"
17,56,123683660.8,20,"Pangenome"
18,1,109281907.2,20,"Pangenome"
18,2,111808524.8,20,"Pangenome"
18,3,113032640,20,"Pangenome"
18,4,113950796.8,20,"Pangenome"
18,5,114496691.2,20,"Pangenome"
18,6,114937881.6,20,"Pangenome"
18,7,115272934.4,20,"Pangenome"
18,8,115865024,20,"Pangenome"
18,9,116068812.8,20,"Pangenome"
18,10,116293721.6,20,"Pangenome"
18,11,116495680,20,"Pangenome"
18,12,116938739.2,20,"Pangenome"
18,13,117282534.4,20,"Pangenome"
18,14,117645491.2,20,"Pangenome"
18,15,117984371.2,20,"Pangenome"
18,16,118313113.6,20,"Pangenome"
18,17,118573273.6,20,"Pangenome"
18,18,118707929.6,20,"Pangenome"
18,19,118830476.8,20,"Pangenome"
18,20,118950476.8,20,"Pangenome"
18,21,119071654.4,20,"Pangenome"
18,22,119336435.2,20,"Pangenome"
18,23,119452979.2,20,"Pangenome"
18,24,119549324.8,20,"Pangenome"
18,25,119654643.2,20,"Pangenome"
18,26,119895539.2,20,"Pangenome"
18,27,120110809.6,20,"Pangenome"
18,28,120321792,20,"Pangenome"
18,29,120520307.2,20,"Pangenome"
18,30,120682867.2,20,"Pangenome"
18,31,120860160,20,"Pangenome"
18,32,120920512,20,"Pangenome"
18,33,121101312,20,"Pangenome"
18,34,121263833.6,20,"Pangenome"
18,35,121421401.6,20,"Pangenome"
18,36,121576908.8,20,"Pangenome"
18,37,121718860.8,20,"Pangenome"
18,38,121861862.4,20,"Pangenome"
18,39,122001382.4,20,"Pangenome"
18,40,122119884.8,20,"Pangenome"
18,41,122198988.8,20,"Pangenome"
18,42,122260710.4,20,"Pangenome"
18,43,122395187.2,20,"Pangenome"
18,44,122469644.8,20,"Pangenome"
18,45,122557299.2,20,"Pangenome"
18,46,122686796.8,20,"Pangenome"
18,47,122746073.6,20,"Pangenome"
18,48,122856153.6,20,"Pangenome"
18,49,122942144,20,"Pangenome"
18,50,123011968,20,"Pangenome"
18,51,123131724.8,20,"Pangenome"
18,52,123240076.8,20,"Pangenome"
18,53,123354675.2,20,"Pangenome"
18,54,123476044.8,20,"Pangenome"
18,55,123584320,20,"Pangenome"
18,56,123683660.8,20,"Pangenome"
19,1,109351347.2,20,"Pangenome"
19,2,111780518.4,20,"Pangenome"
19,3,113020531.2,20,"Pangenome"
19,4,113725299.2,20,"Pangenome"
19,5,114242073.6,20,"Pangenome"
19,6,114967680,20,"Pangenome"
19,7,115317606.4,20,"Pangenome"
19,8,115864396.8,20,"Pangenome"
19,9,116114214.4,20,"Pangenome"
19,10,116518924.8,20,"Pangenome"
19,11,116905497.6,20,"Pangenome"
19,12,117095808,20,"Pangenome"
19,13,117444505.6,20,"Pangenome"
19,14,117754752,20,"Pangenome"
19,15,117949235.2,20,"Pangenome"
19,16,118258739.2,20,"Pangenome"
19,17,118401804.8,20,"Pangenome"
19,18,118551078.4,20,"Pangenome"
19,19,118820787.2,20,"Pangenome"
19,20,119070848,20,"Pangenome"
19,21,119188160,20,"Pangenome"
19,22,119432128,20,"Pangenome"
19,23,119640627.2,20,"Pangenome"
19,24,119842150.4,20,"Pangenome"
19,25,120038822.4,20,"Pangenome"
19,26,120224524.8,20,"Pangenome"
19,27,120426444.8,20,"Pangenome"
19,28,120522342.4,20,"Pangenome"
19,29,120696793.6,20,"Pangenome"
19,30,120877107.2,20,"Pangenome"
19,31,121059699.2,20,"Pangenome"
19,32,121203724.8,20,"Pangenome"
19,33,121296499.2,20,"Pangenome"
19,34,121427763.2,20,"Pangenome"
19,35,121509875.2,20,"Pangenome"
19,36,121649203.2,20,"Pangenome"
19,37,121795852.8,20,"Pangenome"
19,38,121924364.8,20,"Pangenome"
19,39,122009689.6,20,"Pangenome"
19,40,122146700.8,20,"Pangenome"
19,41,122250099.2,20,"Pangenome"
19,42,122377625.6,20,"Pangenome"
19,43,122458073.6,20,"Pangenome"
19,44,122569113.6,20,"Pangenome"
19,45,122723340.8,20,"Pangenome"
19,46,122787225.6,20,"Pangenome"
19,47,122846080,20,"Pangenome"
19,48,122981734.4,20,"Pangenome"
19,49,123113177.6,20,"Pangenome"
19,50,123192435.2,20,"Pangenome"
19,51,123308761.6,20,"Pangenome"
19,52,123347801.6,20,"Pangenome"
19,53,123417100.8,20,"Pangenome"
19,54,123467187.2,20,"Pangenome"
19,55,123579238.4,20,"Pangenome"
19,56,123683660.8,20,"Pangenome"
20,1,109282636.8,20,"Pangenome"
20,2,111795200,20,"Pangenome"
20,3,113052774.4,20,"Pangenome"
20,4,113997056,20,"Pangenome"
20,5,114709222.4,20,"Pangenome"
20,6,115196467.2,20,"Pangenome"
20,7,115734412.8,20,"Pangenome"
20,8,116213593.6,20,"Pangenome"
20,9,116522457.6,20,"Pangenome"
20,10,116885964.8,20,"Pangenome"
20,11,117222118.4,20,"Pangenome"
20,12,117551193.6,20,"Pangenome"
20,13,117886758.4,20,"Pangenome"
20,14,118198617.6,20,"Pangenome"
20,15,118454937.6,20,"Pangenome"
20,16,118709043.2,20,"Pangenome"
20,17,118920972.8,20,"Pangenome"
20,18,119085862.4,20,"Pangenome"
20,19,119296768,20,"Pangenome"
20,20,119444300.8,20,"Pangenome"
20,21,119666572.8,20,"Pangenome"
20,22,119800627.2,20,"Pangenome"
20,23,120000883.2,20,"Pangenome"
20,24,120104729.6,20,"Pangenome"
20,25,120201945.6,20,"Pangenome"
20,26,120384601.6,20,"Pangenome"
20,27,120487846.4,20,"Pangenome"
20,28,120648537.6,20,"Pangenome"
20,29,120719782.4,20,"Pangenome"
20,30,120886272,20,"Pangenome"
20,31,120979532.8,20,"Pangenome"
20,32,121131468.8,20,"Pangenome"
20,33,121300160,20,"Pangenome"
20,34,121440384,20,"Pangenome"
20,35,121513830.4,20,"Pangenome"
20,36,121600576,20,"Pangenome"
20,37,121754508.8,20,"Pangenome"
20,38,121836377.6,20,"Pangenome"
20,39,121980044.8,20,"Pangenome"
20,40,122117209.6,20,"Pangenome"
20,41,122199308.8,20,"Pangenome"
20,42,122272857.6,20,"Pangenome"
20,43,122348953.6,20,"Pangenome"
20,44,122494272,20,"Pangenome"
20,45,122574272,20,"Pangenome"
20,46,122694860.8,20,"Pangenome"
20,47,122770931.2,20,"Pangenome"
20,48,122838259.2,20,"Pangenome"
20,49,122967782.4,20,"Pangenome"
20,50,123082265.6,20,"Pangenome"
20,51,123201497.6,20,"Pangenome"
20,52,123259161.6,20,"Pangenome"
20,53,123370240,20,"Pangenome"
20,54,123469990.4,20,"Pangenome"
20,55,123584371.2,20,"Pangenome"
20,56,123683660.8,20,"Pangenome"
21,1,109279078.4,20,"Pangenome"
21,2,111296576,20,"Pangenome"
21,3,112897472,20,"Pangenome"
21,4,113896870.4,20,"Pangenome"
21,5,114636940.8,20,"Pangenome"
21,6,115087116.8,20,"Pangenome"
21,7,115462784,20,"Pangenome"
21,8,115973593.6,20,"Pangenome"
21,9,116471641.6,20,"Pangenome"
21,10,116825408,20,"Pangenome"
21,11,117214592,20,"Pangenome"
21,12,117389862.4,20,"Pangenome"
21,13,117566297.6,20,"Pangenome"
21,14,117875123.2,20,"Pangenome"
21,15,118183065.6,20,"Pangenome"
21,16,118480883.2,20,"Pangenome"
21,17,118742412.8,20,"Pangenome"
21,18,118997299.2,20,"Pangenome"
21,19,119222732.8,20,"Pangenome"
21,20,119348940.8,20,"Pangenome"
21,21,119467865.6,20,"Pangenome"
21,22,119584985.6,20,"Pangenome"
21,23,119796582.4,20,"Pangenome"
21,24,119992473.6,20,"Pangenome"
21,25,120178624,20,"Pangenome"
21,26,120361100.8,20,"Pangenome"
21,27,120547699.2,20,"Pangenome"
21,28,120711680,20,"Pangenome"
21,29,120897587.2,20,"Pangenome"
21,30,120987225.6,20,"Pangenome"
21,31,121149414.4,20,"Pangenome"
21,32,121293708.8,20,"Pangenome"
21,33,121441843.2,20,"Pangenome"
21,34,121588838.4,20,"Pangenome"
21,35,121680652.8,20,"Pangenome"
21,36,121783526.4,20,"Pangenome"
21,37,121860902.4,20,"Pangenome"
21,38,121943526.4,20,"Pangenome"
21,39,122075993.6,20,"Pangenome"
21,40,122205811.2,20,"Pangenome"
21,41,122287808,20,"Pangenome"
21,42,122355750.4,20,"Pangenome"
21,43,122420544,20,"Pangenome"
21,44,122498880,20,"Pangenome"
21,45,122551795.2,20,"Pangenome"
21,46,122700364.8,20,"Pangenome"
21,47,122757568,20,"Pangenome"
21,48,122883827.2,20,"Pangenome"
21,49,122961446.4,20,"Pangenome"
21,50,123068838.4,20,"Pangenome"
21,51,123188774.4,20,"Pangenome"
21,52,123292019.2,20,"Pangenome"
21,53,123401216,20,"Pangenome"
21,54,123521907.2,20,"Pangenome"
21,55,123584320,20,"Pangenome"
21,56,123683660.8,20,"Pangenome"
22,1,109254041.6,20,"Pangenome"
22,2,111680972.8,20,"Pangenome"
22,3,112710080,20,"Pangenome"
22,4,113759360,20,"Pangenome"
22,5,114521369.6,20,"Pangenome"
22,6,114941926.4,20,"Pangenome"
22,7,115512320,20,"Pangenome"
22,8,115982809.6,20,"Pangenome"
22,9,116414374.4,20,"Pangenome"
22,10,116812057.6,20,"Pangenome"
22,11,117166668.8,20,"Pangenome"
22,12,117504947.2,20,"Pangenome"
22,13,117706150.4,20,"Pangenome"
22,14,117876172.8,20,"Pangenome"
22,15,118140480,20,"Pangenome"
22,16,118418675.2,20,"Pangenome"
22,17,118682060.8,20,"Pangenome"
22,18,118844236.8,20,"Pangenome"
22,19,119105689.6,20,"Pangenome"
22,20,119250867.2,20,"Pangenome"
22,21,119457280,20,"Pangenome"
22,22,119666393.6,20,"Pangenome"
22,23,119855372.8,20,"Pangenome"
22,24,120047283.2,20,"Pangenome"
22,25,120234316.8,20,"Pangenome"
22,26,120399078.4,20,"Pangenome"
22,27,120492236.8,20,"Pangenome"
22,28,120600499.2,20,"Pangenome"
22,29,120712704,20,"Pangenome"
22,30,120871577.6,20,"Pangenome"
22,31,120969152,20,"Pangenome"
22,32,121154406.4,20,"Pangenome"
22,33,121324249.6,20,"Pangenome"
22,34,121477184,20,"Pangenome"
22,35,121579993.6,20,"Pangenome"
22,36,121726707.2,20,"Pangenome"
22,37,121883814.4,20,"Pangenome"
22,38,121962265.6,20,"Pangenome"
22,39,122024998.4,20,"Pangenome"
22,40,122145612.8,20,"Pangenome"
22,41,122284326.4,20,"Pangenome"
22,42,122367411.2,20,"Pangenome"
22,43,122446566.4,20,"Pangenome"
22,44,122518528,20,"Pangenome"
22,45,122584819.2,20,"Pangenome"
22,46,122725158.4,20,"Pangenome"
22,47,122849331.2,20,"Pangenome"
22,48,122907481.6,20,"Pangenome"
22,49,123024768,20,"Pangenome"
22,50,123096499.2,20,"Pangenome"
22,51,123221337.6,20,"Pangenome"
22,52,123334233.6,20,"Pangenome"
22,53,123400140.8,20,"Pangenome"
22,54,123497984,20,"Pangenome"
22,55,123607961.6,20,"Pangenome"
22,56,123683660.8,20,"Pangenome"
23,1,109299520,20,"Pangenome"
23,2,111807628.8,20,"Pangenome"
23,3,113089164.8,20,"Pangenome"
23,4,113960640,20,"Pangenome"
23,5,114700531.2,20,"Pangenome"
23,6,115296371.2,20,"Pangenome"
23,7,115728627.2,20,"Pangenome"
23,8,116045760,20,"Pangenome"
23,9,116516339.2,20,"Pangenome"
23,10,116909939.2,20,"Pangenome"
23,11,117261452.8,20,"Pangenome"
23,12,117469747.2,20,"Pangenome"
23,13,117691712,20,"Pangenome"
23,14,117878924.8,20,"Pangenome"
23,15,118034329.6,20,"Pangenome"
23,16,118307033.6,20,"Pangenome"
23,17,118455603.2,20,"Pangenome"
23,18,118745587.2,20,"Pangenome"
23,19,118877068.8,20,"Pangenome"
23,20,119004249.6,20,"Pangenome"
23,21,119246310.4,20,"Pangenome"
23,22,119460940.8,20,"Pangenome"
23,23,119561484.8,20,"Pangenome"
23,24,119786214.4,20,"Pangenome"
23,25,120011110.4,20,"Pangenome"
23,26,120207065.6,20,"Pangenome"
23,27,120408985.6,20,"Pangenome"
23,28,120599590.4,20,"Pangenome"
23,29,120695846.4,20,"Pangenome"
23,30,120885683.2,20,"Pangenome"
23,31,121046860.8,20,"Pangenome"
23,32,121211545.6,20,"Pangenome"
23,33,121368435.2,20,"Pangenome"
23,34,121446310.4,20,"Pangenome"
23,35,121534668.8,20,"Pangenome"
23,36,121673676.8,20,"Pangenome"
23,37,121817497.6,20,"Pangenome"
23,38,121957145.6,20,"Pangenome"
23,39,122099148.8,20,"Pangenome"
23,40,122166745.6,20,"Pangenome"
23,41,122249241.6,20,"Pangenome"
23,42,122392204.8,20,"Pangenome"
23,43,122438246.4,20,"Pangenome"
23,44,122503104,20,"Pangenome"
23,45,122626483.2,20,"Pangenome"
23,46,122742105.6,20,"Pangenome"
23,47,122792524.8,20,"Pangenome"
23,48,122909158.4,20,"Pangenome"
23,49,123023283.2,20,"Pangenome"
23,50,123083801.6,20,"Pangenome"
23,51,123205030.4,20,"Pangenome"
23,52,123279641.6,20,"Pangenome"
23,53,123393152,20,"Pangenome"
23,54,123469696,20,"Pangenome"
23,55,123565209.6,20,"Pangenome"
23,56,123683660.8,20,"Pangenome"
24,1,109263987.2,20,"Pangenome"
24,2,111771443.2,20,"Pangenome"
24,3,113057164.8,20,"Pangenome"
24,4,113808422.4,20,"Pangenome"
24,5,114533312,20,"Pangenome"
24,6,115087526.4,20,"Pangenome"
24,7,115646912,20,"Pangenome"
24,8,116103667.2,20,"Pangenome"
24,9,116531328,20,"Pangenome"
24,10,116917222.4,20,"Pangenome"
24,11,117161984,20,"Pangenome"
24,12,117503564.8,20,"Pangenome"
24,13,117819136,20,"Pangenome"
24,14,118116275.2,20,"Pangenome"
24,15,118391193.6,20,"Pangenome"
24,16,118570944,20,"Pangenome"
24,17,118803302.4,20,"Pangenome"
24,18,118938240,20,"Pangenome"
24,19,119085670.4,20,"Pangenome"
24,20,119307276.8,20,"Pangenome"
24,21,119437632,20,"Pangenome"
24,22,119677235.2,20,"Pangenome"
24,23,119865459.2,20,"Pangenome"
24,24,119995353.6,20,"Pangenome"
24,25,120107494.4,20,"Pangenome"
24,26,120212070.4,20,"Pangenome"
24,27,120420211.2,20,"Pangenome"
24,28,120503424,20,"Pangenome"
24,29,120687782.4,20,"Pangenome"
24,30,120783577.6,20,"Pangenome"
24,31,120841049.6,20,"Pangenome"
24,32,120903308.8,20,"Pangenome"
24,33,121073318.4,20,"Pangenome"
24,34,121234662.4,20,"Pangenome"
24,35,121394649.6,20,"Pangenome"
24,36,121562764.8,20,"Pangenome"
24,37,121725721.6,20,"Pangenome"
24,38,121863372.8,20,"Pangenome"
24,39,122002406.4,20,"Pangenome"
24,40,122143936,20,"Pangenome"
24,41,122228134.4,20,"Pangenome"
24,42,122310720,20,"Pangenome"
24,43,122439488,20,"Pangenome"
24,44,122559539.2,20,"Pangenome"
24,45,122641100.8,20,"Pangenome"
24,46,122748544,20,"Pangenome"
24,47,122861145.6,20,"Pangenome"
24,48,122930598.4,20,"Pangenome"
24,49,123045414.4,20,"Pangenome"
24,50,123114316.8,20,"Pangenome"
24,51,123236800,20,"Pangenome"
24,52,123321740.8,20,"Pangenome"
24,53,123391680,20,"Pangenome"
24,54,123449228.8,20,"Pangenome"
24,55,123578073.6,20,"Pangenome"
24,56,123683660.8,20,"Pangenome"
25,1,109285721.6,20,"Pangenome"
25,2,111762944,20,"Pangenome"
25,3,113114265.6,20,"Pangenome"
25,4,114021478.4,20,"Pangenome"
25,5,114722700.8,20,"Pangenome"
25,6,115205312,20,"Pangenome"
25,7,115731545.6,20,"Pangenome"
25,8,116055488,20,"Pangenome"
25,9,116331507.2,20,"Pangenome"
25,10,116750886.4,20,"Pangenome"
25,11,117132288,20,"Pangenome"
25,12,117356710.4,20,"Pangenome"
25,13,117531596.8,20,"Pangenome"
25,14,117843033.6,20,"Pangenome"
25,15,118125721.6,20,"Pangenome"
25,16,118410022.4,20,"Pangenome"
25,17,118660044.8,20,"Pangenome"
25,18,118899161.6,20,"Pangenome"
25,19,119109491.2,20,"Pangenome"
25,20,119233894.4,20,"Pangenome"
25,21,119452236.8,20,"Pangenome"
25,22,119580889.6,20,"Pangenome"
25,23,119806144,20,"Pangenome"
25,24,119923366.4,20,"Pangenome"
25,25,120106739.2,20,"Pangenome"
25,26,120228096,20,"Pangenome"
25,27,120321216,20,"Pangenome"
25,28,120411468.8,20,"Pangenome"
25,29,120509056,20,"Pangenome"
25,30,120700659.2,20,"Pangenome"
25,31,120863500.8,20,"Pangenome"
25,32,120948544,20,"Pangenome"
25,33,121128819.2,20,"Pangenome"
25,34,121312460.8,20,"Pangenome"
25,35,121397952,20,"Pangenome"
25,36,121554355.2,20,"Pangenome"
25,37,121629619.2,20,"Pangenome"
25,38,121782016,20,"Pangenome"
25,39,121925593.6,20,"Pangenome"
25,40,122067084.8,20,"Pangenome"
25,41,122221376,20,"Pangenome"
25,42,122351923.2,20,"Pangenome"
25,43,122431603.2,20,"Pangenome"
25,44,122562457.6,20,"Pangenome"
25,45,122684505.6,20,"Pangenome"
25,46,122819494.4,20,"Pangenome"
25,47,122877171.2,20,"Pangenome"
25,48,122947558.4,20,"Pangenome"
25,49,123066099.2,20,"Pangenome"
25,50,123124851.2,20,"Pangenome"
25,51,123239987.2,20,"Pangenome"
25,52,123365580.8,20,"Pangenome"
25,53,123463155.2,20,"Pangenome"
25,54,123568870.4,20,"Pangenome"
25,55,123633459.2,20,"Pangenome"
25,56,123683660.8,20,"Pangenome"
26,1,109309145.6,20,"Pangenome"
26,2,111284864,20,"Pangenome"
26,3,112821632,20,"Pangenome"
26,4,113472524.8,20,"Pangenome"
26,5,114291750.4,20,"Pangenome"
26,6,114929779.2,20,"Pangenome"
26,7,115538521.6,20,"Pangenome"
26,8,115842572.8,20,"Pangenome"
26,9,116308608,20,"Pangenome"
26,10,116662259.2,20,"Pangenome"
26,11,117012876.8,20,"Pangenome"
26,12,117228096,20,"Pangenome"
26,13,117594675.2,20,"Pangenome"
26,14,117894476.8,20,"Pangenome"
26,15,118057779.2,20,"Pangenome"
26,16,118228659.2,20,"Pangenome"
26,17,118508940.8,20,"Pangenome"
26,18,118757721.6,20,"Pangenome"
26,19,119018828.8,20,"Pangenome"
26,20,119243763.2,20,"Pangenome"
26,21,119363238.4,20,"Pangenome"
26,22,119457100.8,20,"Pangenome"
26,23,119580108.8,20,"Pangenome"
26,24,119804006.4,20,"Pangenome"
26,25,119907750.4,20,"Pangenome"
26,26,120121600,20,"Pangenome"
26,27,120228646.4,20,"Pangenome"
26,28,120421478.4,20,"Pangenome"
26,29,120609228.8,20,"Pangenome"
26,30,120781824,20,"Pangenome"
26,31,120891046.4,20,"Pangenome"
26,32,121050060.8,20,"Pangenome"
26,33,121202393.6,20,"Pangenome"
26,34,121366745.6,20,"Pangenome"
26,35,121514969.6,20,"Pangenome"
26,36,121604262.4,20,"Pangenome"
26,37,121752409.6,20,"Pangenome"
26,38,121836236.8,20,"Pangenome"
26,39,121974809.6,20,"Pangenome"
26,40,122109094.4,20,"Pangenome"
26,41,122248448,20,"Pangenome"
26,42,122326796.8,20,"Pangenome"
26,43,122458470.4,20,"Pangenome"
26,44,122523097.6,20,"Pangenome"
26,45,122644659.2,20,"Pangenome"
26,46,122701235.2,20,"Pangenome"
26,47,122831257.6,20,"Pangenome"
26,48,122959782.4,20,"Pangenome"
26,49,123065356.8,20,"Pangenome"
26,50,123143897.6,20,"Pangenome"
26,51,123259264,20,"Pangenome"
26,52,123317568,20,"Pangenome"
26,53,123457011.2,20,"Pangenome"
26,54,123493171.2,20,"Pangenome"
26,55,123612006.4,20,"Pangenome"
26,56,123683660.8,20,"Pangenome"
27,1,109299571.2,20,"Pangenome"
27,2,111839974.4,20,"Pangenome"
27,3,113111142.4,20,"Pangenome"
27,4,113850508.8,20,"Pangenome"
27,5,114621440,20,"Pangenome"
27,6,115234252.8,20,"Pangenome"
27,7,115737792,20,"Pangenome"
27,8,116195558.4,20,"Pangenome"
27,9,116527347.2,20,"Pangenome"
27,10,116784140.8,20,"Pangenome"
27,11,117132787.2,20,"Pangenome"
27,12,117508672,20,"Pangenome"
27,13,117719193.6,20,"Pangenome"
27,14,118044083.2,20,"Pangenome"
27,15,118323033.6,20,"Pangenome"
27,16,118487475.2,20,"Pangenome"
27,17,118733171.2,20,"Pangenome"
27,18,118895360,20,"Pangenome"
27,19,119130176,20,"Pangenome"
27,20,119249280,20,"Pangenome"
27,21,119362752,20,"Pangenome"
27,22,119479398.4,20,"Pangenome"
27,23,119606195.2,20,"Pangenome"
27,24,119815526.4,20,"Pangenome"
27,25,120020492.8,20,"Pangenome"
27,26,120209817.6,20,"Pangenome"
27,27,120386393.6,20,"Pangenome"
27,28,120451417.6,20,"Pangenome"
27,29,120538713.6,20,"Pangenome"
27,30,120719948.8,20,"Pangenome"
27,31,120883507.2,20,"Pangenome"
27,32,120979123.2,20,"Pangenome"
27,33,121063910.4,20,"Pangenome"
27,34,121247129.6,20,"Pangenome"
27,35,121407257.6,20,"Pangenome"
27,36,121545241.6,20,"Pangenome"
27,37,121673254.4,20,"Pangenome"
27,38,121819110.4,20,"Pangenome"
27,39,121962560,20,"Pangenome"
27,40,122093171.2,20,"Pangenome"
27,41,122173657.6,20,"Pangenome"
27,42,122246771.2,20,"Pangenome"
27,43,122379865.6,20,"Pangenome"
27,44,122520972.8,20,"Pangenome"
27,45,122582656,20,"Pangenome"
27,46,122649920,20,"Pangenome"
27,47,122787200,20,"Pangenome"
27,48,122924390.4,20,"Pangenome"
27,49,122990566.4,20,"Pangenome"
27,50,123061657.6,20,"Pangenome"
27,51,123111936,20,"Pangenome"
27,52,123227481.6,20,"Pangenome"
27,53,123341171.2,20,"Pangenome"
27,54,123452723.2,20,"Pangenome"
27,55,123576166.4,20,"Pangenome"
27,56,123683660.8,20,"Pangenome"
28,1,109293081.6,20,"Pangenome"
28,2,111820147.2,20,"Pangenome"
28,3,113106572.8,20,"Pangenome"
28,4,114008819.2,20,"Pangenome"
28,5,114692787.2,20,"Pangenome"
28,6,115302284.8,20,"Pangenome"
28,7,115823936,20,"Pangenome"
28,8,116256012.8,20,"Pangenome"
28,9,116647372.8,20,"Pangenome"
28,10,116972633.6,20,"Pangenome"
28,11,117302579.2,20,"Pangenome"
28,12,117618982.4,20,"Pangenome"
28,13,117841792,20,"Pangenome"
28,14,118038323.2,20,"Pangenome"
28,15,118217856,20,"Pangenome"
28,16,118383104,20,"Pangenome"
28,17,118641766.4,20,"Pangenome"
28,18,118770086.4,20,"Pangenome"
28,19,118875379.2,20,"Pangenome"
28,20,119122969.6,20,"Pangenome"
28,21,119269388.8,20,"Pangenome"
28,22,119388313.6,20,"Pangenome"
28,23,119503411.2,20,"Pangenome"
28,24,119731904,20,"Pangenome"
28,25,119840140.8,20,"Pangenome"
28,26,120041318.4,20,"Pangenome"
28,27,120234688,20,"Pangenome"
28,28,120443161.6,20,"Pangenome"
28,29,120553651.2,20,"Pangenome"
28,30,120723443.2,20,"Pangenome"
28,31,120892787.2,20,"Pangenome"
28,32,120980966.4,20,"Pangenome"
28,33,121152089.6,20,"Pangenome"
28,34,121324300.8,20,"Pangenome"
28,35,121416716.8,20,"Pangenome"
28,36,121562790.4,20,"Pangenome"
28,37,121634099.2,20,"Pangenome"
28,38,121782720,20,"Pangenome"
28,39,121939648,20,"Pangenome"
28,40,122098854.4,20,"Pangenome"
28,41,122177241.6,20,"Pangenome"
28,42,122314649.6,20,"Pangenome"
28,43,122441638.4,20,"Pangenome"
28,44,122573760,20,"Pangenome"
28,45,122696921.6,20,"Pangenome"
28,46,122778432,20,"Pangenome"
28,47,122881548.8,20,"Pangenome"
28,48,122992396.8,20,"Pangenome"
28,49,123107801.6,20,"Pangenome"
28,50,123180121.6,20,"Pangenome"
28,51,123241318.4,20,"Pangenome"
28,52,123352921.6,20,"Pangenome"
28,53,123413670.4,20,"Pangenome"
28,54,123449088,20,"Pangenome"
28,55,123562867.2,20,"Pangenome"
28,56,123683660.8,20,"Pangenome"
29,1,109355302.4,20,"Pangenome"
29,2,111797184,20,"Pangenome"
29,3,113080230.4,20,"Pangenome"
29,4,113823078.4,20,"Pangenome"
29,5,114360243.2,20,"Pangenome"
29,6,115071680,20,"Pangenome"
29,7,115392896,20,"Pangenome"
29,8,115717427.2,20,"Pangenome"
29,9,116229504,20,"Pangenome"
29,10,116679283.2,20,"Pangenome"
29,11,117074803.2,20,"Pangenome"
29,12,117434931.2,20,"Pangenome"
29,13,117725081.6,20,"Pangenome"
29,14,117907033.6,20,"Pangenome"
29,15,118199526.4,20,"Pangenome"
29,16,118469555.2,20,"Pangenome"
29,17,118736998.4,20,"Pangenome"
29,18,118853977.6,20,"Pangenome"
29,19,118999641.6,20,"Pangenome"
29,20,119107123.2,20,"Pangenome"
29,21,119336332.8,20,"Pangenome"
29,22,119546649.6,20,"Pangenome"
29,23,119765568,20,"Pangenome"
29,24,119868684.8,20,"Pangenome"
29,25,119974323.2,20,"Pangenome"
29,26,120175462.4,20,"Pangenome"
29,27,120375526.4,20,"Pangenome"
29,28,120470092.8,20,"Pangenome"
29,29,120624076.8,20,"Pangenome"
29,30,120777216,20,"Pangenome"
29,31,120952012.8,20,"Pangenome"
29,32,121115840,20,"Pangenome"
29,33,121210432,20,"Pangenome"
29,34,121376243.2,20,"Pangenome"
29,35,121473036.8,20,"Pangenome"
29,36,121648883.2,20,"Pangenome"
29,37,121727232,20,"Pangenome"
29,38,121874713.6,20,"Pangenome"
29,39,121961190.4,20,"Pangenome"
29,40,122095078.4,20,"Pangenome"
29,41,122157849.6,20,"Pangenome"
29,42,122227929.6,20,"Pangenome"
29,43,122360652.8,20,"Pangenome"
29,44,122411417.6,20,"Pangenome"
29,45,122480896,20,"Pangenome"
29,46,122559513.6,20,"Pangenome"
29,47,122677542.4,20,"Pangenome"
29,48,122807052.8,20,"Pangenome"
29,49,122928780.8,20,"Pangenome"
29,50,123049625.6,20,"Pangenome"
29,51,123166745.6,20,"Pangenome"
29,52,123271731.2,20,"Pangenome"
29,53,123369536,20,"Pangenome"
29,54,123500428.8,20,"Pangenome"
29,55,123562867.2,20,"Pangenome"
29,56,123683660.8,20,"Pangenome"
30,1,109303820.8,20,"Pangenome"
30,2,111834137.6,20,"Pangenome"
30,3,113154496,20,"Pangenome"
30,4,113891712,20,"Pangenome"
30,5,114650009.6,20,"Pangenome"
30,6,115045094.4,20,"Pangenome"
30,7,115613785.6,20,"Pangenome"
30,8,115904115.2,20,"Pangenome"
30,9,116395699.2,20,"Pangenome"
30,10,116788505.6,20,"Pangenome"
30,11,117153446.4,20,"Pangenome"
30,12,117340428.8,20,"Pangenome"
30,13,117503948.8,20,"Pangenome"
30,14,117805056,20,"Pangenome"
30,15,118106713.6,20,"Pangenome"
30,16,118283430.4,20,"Pangenome"
30,17,118547737.6,20,"Pangenome"
30,18,118811686.4,20,"Pangenome"
30,19,118922086.4,20,"Pangenome"
30,20,119164300.8,20,"Pangenome"
30,21,119391308.8,20,"Pangenome"
30,22,119522982.4,20,"Pangenome"
30,23,119736230.4,20,"Pangenome"
30,24,119944537.6,20,"Pangenome"
30,25,120122572.8,20,"Pangenome"
30,26,120303027.2,20,"Pangenome"
30,27,120473856,20,"Pangenome"
30,28,120664192,20,"Pangenome"
30,29,120767808,20,"Pangenome"
30,30,120870617.6,20,"Pangenome"
30,31,120955123.2,20,"Pangenome"
30,32,121136934.4,20,"Pangenome"
30,33,121228595.2,20,"Pangenome"
30,34,121377075.2,20,"Pangenome"
30,35,121456806.4,20,"Pangenome"
30,36,121624012.8,20,"Pangenome"
30,37,121768435.2,20,"Pangenome"
30,38,121840256,20,"Pangenome"
30,39,121996608,20,"Pangenome"
30,40,122139699.2,20,"Pangenome"
30,41,122211289.6,20,"Pangenome"
30,42,122346022.4,20,"Pangenome"
30,43,122479104,20,"Pangenome"
30,44,122554841.6,20,"Pangenome"
30,45,122625446.4,20,"Pangenome"
30,46,122745510.4,20,"Pangenome"
30,47,122876300.8,20,"Pangenome"
30,48,122945932.8,20,"Pangenome"
30,49,123049612.8,20,"Pangenome"
30,50,123123852.8,20,"Pangenome"
30,51,123170393.6,20,"Pangenome"
30,52,123273280,20,"Pangenome"
30,53,123386060.8,20,"Pangenome"
30,54,123503692.8,20,"Pangenome"
30,55,123567897.6,20,"Pangenome"
30,56,123683660.8,20,"Pangenome"
